Match,TEAM,OPPONENT,STAGE,RESULT,PASSES COMPLETED,PASSES ATTEMPTED
2026-M001-MEX-RSA,Mexico,South Africa,Group Stage,W,495,547
2026-M001-MEX-RSA,South Africa,Mexico,Group Stage,L,290,351
2026-M002-KOR-CZE,Korea Republic,Czechia,Group Stage,W,483,542
2026-M002-KOR-CZE,Czechia,Korea Republic,Group Stage,L,241,327
2026-M003-CAN-BIH,Canada,Bosnia and Herzegovina,Group Stage,D,316,412
2026-M003-CAN-BIH,Bosnia and Herzegovina,Canada,Group Stage,D,186,279
2026-M004-USA-PAR,USA,Paraguay,Group Stage,W,520,602
2026-M004-USA-PAR,Paraguay,USA,Group Stage,L,234,316
2026-M005-HAI-SCO,Haiti,Scotland,Group Stage,L,378,431
2026-M005-HAI-SCO,Scotland,Haiti,Group Stage,W,324,397
2026-M006-AUS-TUR,Australia,Turkiye,Group Stage,W,224,293
2026-M006-AUS-TUR,Turkiye,Australia,Group Stage,L,663,722
2026-M007-BRA-MAR,Brazil,Morocco,Group Stage,D,457,514
2026-M007-BRA-MAR,Morocco,Brazil,Group Stage,D,431,503
2026-M008-QAT-SUI,Qatar,Switzerland,Group Stage,D,213,289
2026-M008-QAT-SUI,Switzerland,Qatar,Group Stage,D,542,591
2026-M009-CIV-ECU,Côte d'Ivoire,Ecuador,Group Stage,W,413,471
2026-M009-CIV-ECU,Ecuador,Côte d'Ivoire,Group Stage,L,438,513
2026-M010-GER-CUW,Germany,Curaçao,Group Stage,W,569,641
2026-M010-GER-CUW,Curaçao,Germany,Group Stage,L,291,362
2026-M011-NED-JPN,Netherlands,Japan,Group Stage,D,473,529
2026-M011-NED-JPN,Japan,Netherlands,Group Stage,D,302,356
2026-M012-SWE-TUN,Sweden,Tunisia,Group Stage,W,290,356
2026-M012-SWE-TUN,Tunisia,Sweden,Group Stage,L,299,370
2026-M013-KSA-URU,Saudi Arabia,Uruguay,Group Stage,D,243,331
2026-M013-KSA-URU,Uruguay,Saudi Arabia,Group Stage,D,566,623
2026-M014-ESP-CPV,Spain,Cabo Verde,Group Stage,D,755,811
2026-M014-ESP-CPV,Cabo Verde,Spain,Group Stage,D,227,306
2026-M015-IRN-NZL,IR Iran,New Zealand,Group Stage,D,333,417
2026-M015-IRN-NZL,New Zealand,IR Iran,Group Stage,D,378,448
2026-M016-BEL-EGY,Belgium,Egypt,Group Stage,D,415,476
2026-M016-BEL-EGY,Egypt,Belgium,Group Stage,D,339,411
2026-M017-FRA-SEN,France,Senegal,Group Stage,W,516,584
2026-M017-FRA-SEN,Senegal,France,Group Stage,L,453,521
2026-M018-IRQ-NOR,Iraq,Norway,Group Stage,L,286,347
2026-M018-IRQ-NOR,Norway,Iraq,Group Stage,W,493,548
2026-M019-ARG-ALG,Argentina,Algeria,Group Stage,W,517,578
2026-M019-ARG-ALG,Algeria,Argentina,Group Stage,L,578,634
2026-M020-AUT-JOR,Austria,Jordan,Group Stage,W,499,587
2026-M020-AUT-JOR,Jordan,Austria,Group Stage,L,254,344
2026-M021-GHA-PAN,Ghana,Panama,Group Stage,W,304,362
2026-M021-GHA-PAN,Panama,Ghana,Group Stage,L,526,597
2026-M022-ENG-CRO,England,Croatia,Group Stage,W,421,482
2026-M022-ENG-CRO,Croatia,England,Group Stage,L,399,459
2026-M023-POR-COD,Portugal,Congo DR,Group Stage,D,740,804
2026-M023-POR-COD,Congo DR,Portugal,Group Stage,D,214,268
2026-M024-UZB-COL,Uzbekistan,Colombia,Group Stage,L,267,334
2026-M024-UZB-COL,Colombia,Uzbekistan,Group Stage,W,469,534
2026-M025-CZE-RSA,Czechia,South Africa,Group Stage,D,279,352
2026-M025-CZE-RSA,South Africa,Czechia,Group Stage,D,518,584
2026-M026-SUI-BIH,Switzerland,Bosnia and Herzegovina,Group Stage,W,531,601
2026-M026-SUI-BIH,Bosnia and Herzegovina,Switzerland,Group Stage,L,289,359
2026-M027-CAN-QAT,Canada,Qatar,Group Stage,W,535,575
2026-M027-CAN-QAT,Qatar,Canada,Group Stage,L,107,166
2026-M028-MEX-KOR,Mexico,Korea Republic,Group Stage,W,360,432
2026-M028-MEX-KOR,Korea Republic,Mexico,Group Stage,L,510,593
2026-M029-BRA-HAI,Brazil,Haiti,Group Stage,W,484,551
2026-M029-BRA-HAI,Haiti,Brazil,Group Stage,L,338,402
2026-M030-SCO-MAR,Scotland,Morocco,Group Stage,L,403,460
2026-M030-SCO-MAR,Morocco,Scotland,Group Stage,W,612,676
2026-M031-TUR-PAR,Turkiye,Paraguay,Group Stage,L,594,666
2026-M031-TUR-PAR,Paraguay,Turkiye,Group Stage,W,92,171
2026-M032-USA-AUS,USA,Australia,Group Stage,W,465,531
2026-M032-USA-AUS,Australia,USA,Group Stage,L,238,308
2026-M033-GER-CIV,Germany,Côte d'Ivoire,Group Stage,W,578,634
2026-M033-GER-CIV,Côte d'Ivoire,Germany,Group Stage,L,387,449
2026-M034-ECU-CUW,Ecuador,Curaçao,Group Stage,D,601,663
2026-M034-ECU-CUW,Curaçao,Ecuador,Group Stage,D,167,237
2026-M035-NED-SWE,Netherlands,Sweden,Group Stage,W,398,447
2026-M035-NED-SWE,Sweden,Netherlands,Group Stage,L,377,438
2026-M036-TUN-JPN,Tunisia,Japan,Group Stage,L,305,376
2026-M036-TUN-JPN,Japan,Tunisia,Group Stage,W,535,593
2026-M037-URU-CPV,Uruguay,Cabo Verde,Group Stage,D,444,517
2026-M037-URU-CPV,Cabo Verde,Uruguay,Group Stage,D,218,293
2026-M038-ESP-KSA,Spain,Saudi Arabia,Group Stage,W,688,743
2026-M038-ESP-KSA,Saudi Arabia,Spain,Group Stage,L,309,389
2026-M039-BEL-IRN,Belgium,IR Iran,Group Stage,D,562,637
2026-M039-BEL-IRN,IR Iran,Belgium,Group Stage,D,201,275
2026-M040-NZL-EGY,New Zealand,Egypt,Group Stage,L,355,437
2026-M040-NZL-EGY,Egypt,New Zealand,Group Stage,W,486,544
2026-M041-NOR-SEN,Norway,Senegal,Group Stage,W,295,361
2026-M041-NOR-SEN,Senegal,Norway,Group Stage,L,447,504
2026-M042-FRA-IRQ,France,Iraq,Group Stage,W,553,604
2026-M042-FRA-IRQ,Iraq,France,Group Stage,L,431,502
2026-M043-ARG-AUT,Argentina,Austria,Group Stage,W,509,564
2026-M043-ARG-AUT,Austria,Argentina,Group Stage,L,416,475
2026-M044-JOR-ALG,Jordan,Algeria,Group Stage,L,201,270
2026-M044-JOR-ALG,Algeria,Jordan,Group Stage,W,590,661
2026-M045-ENG-GHA,England,Ghana,Group Stage,D,605,652
2026-M045-ENG-GHA,Ghana,England,Group Stage,D,128,179
2026-M046-PAN-CRO,Panama,Croatia,Group Stage,L,282,356
2026-M046-PAN-CRO,Croatia,Panama,Group Stage,W,445,518
2026-M047-POR-GHA,Portugal,Uzbekistan,Group Stage,W,577,639
2026-M047-POR-GHA,Uzbekistan,Portugal,Group Stage,L,278,347
2026-M048-COL-COD,Colombia,Congo DR,Group Stage,W,475,548
2026-M048-COL-COD,Congo DR,Colombia,Group Stage,L,236,315
2026-M049-SCO-BRA,Scotland,Brazil,Group Stage,L,466,520
2026-M049-SCO-BRA,Brazil,Scotland,Group Stage,W,571,615
2026-M050-MAR-HAI,Morocco,Haiti,Group Stage,W,495,557
2026-M050-MAR-HAI,Haiti,Morocco,Group Stage,L,212,265
2026-M051-SUI-CAN,Switzerland,Canada,Group Stage,W,389,471
2026-M051-SUI-CAN,Canada,Switzerland,Group Stage,L,275,353
2026-M052-BIH-QAT,Bosnia and Herzegovina,Qatar,Group Stage,W,461,521
2026-M052-BIH-QAT,Qatar,Bosnia and Herzegovina,Group Stage,L,388,457
2026-M053-CZE-MEX,Czechia,Mexico,Group Stage,L,352,423
2026-M053-CZE-MEX,Mexico,Czechia,Group Stage,W,340,394
2026-M054-RSA-KOR,South Africa,Korea Republic,Group Stage,W,279,345
2026-M054-RSA-KOR,Korea Republic,South Africa,Group Stage,L,657,718
2026-M055-CUW-CIV,Curaçao,Côte d'Ivoire,Group Stage,L,312,369
2026-M055-CUW-CIV,Côte d'Ivoire,Curaçao,Group Stage,W,574,644
2026-M056-ECU-GER,Ecuador,Germany,Group Stage,W,325,389
2026-M056-ECU-GER,Germany,Ecuador,Group Stage,L,537,612
2026-M057-JPN-SWE,Japan,Sweden,Group Stage,D,381,454
2026-M057-JPN-SWE,Sweden,Japan,Group Stage,D,330,410
2026-M058-TUN-NED,Tunisia,Netherlands,Group Stage,L,208,265
2026-M058-TUN-NED,Netherlands,Tunisia,Group Stage,W,619,668
2026-M059-TUR-USA,Turkiye,USA,Group Stage,W,353,456
2026-M059-TUR-USA,USA,Turkiye,Group Stage,L,424,495
2026-M060-PAR-AUS,Paraguay,Australia,Group Stage,D,345,418
2026-M060-PAR-AUS,Australia,Paraguay,Group Stage,D,446,526
2026-M061-NOR-FRA,Norway,France,Group Stage,L,367,449
2026-M061-NOR-FRA,France,Norway,Group Stage,W,492,549
2026-M062-SEN-IRQ,Senegal,Iraq,Group Stage,W,523,585
2026-M062-SEN-IRQ,Iraq,Senegal,Group Stage,L,200,280
2026-M063-EGY-IRN,Egypt,IR Iran,Group Stage,D,525,588
2026-M063-EGY-IRN,IR Iran,Egypt,Group Stage,D,280,359
2026-M064-NZL-BEL,New Zealand,Belgium,Group Stage,L,379,450
2026-M064-NZL-BEL,Belgium,New Zealand,Group Stage,W,475,530
2026-M065-CPV-KSA,Cabo Verde,Saudi Arabia,Group Stage,D,402,465
2026-M065-CPV-KSA,Saudi Arabia,Cabo Verde,Group Stage,D,370,455
2026-M066-URU-ESP,Uruguay,Spain,Group Stage,L,241,305
2026-M066-URU-ESP,Spain,Uruguay,Group Stage,W,570,637
2026-M067-PAN-ENG,Panama,England,Group Stage,L,231,306
2026-M067-PAN-ENG,England,Panama,Group Stage,W,500,562
2026-M068-CRO-GHA,Croatia,Ghana,Group Stage,W,487,538
2026-M068-CRO-GHA,Ghana,Croatia,Group Stage,L,411,466
2026-M069-ALG-AUT,Algeria,Austria,Group Stage,D,723,775
2026-M069-ALG-AUT,Austria,Algeria,Group Stage,D,355,405
2026-M070-JOR-ARG,Jordan,Argentina,Group Stage,L,239,300
2026-M070-JOR-ARG,Argentina,Jordan,Group Stage,W,762,824
2026-M071-COL-POR,Colombia,Portugal,Group Stage,D,491,547
2026-M071-COL-POR,Portugal,Colombia,Group Stage,D,421,456
2026-M072-COD-UZB,Congo DR,Uzbekistan,Group Stage,W,419,495
2026-M072-COD-UZB,Uzbekistan,Congo DR,Group Stage,L,283,378
2026-M073-RSA-CAN,South Africa,Canada,Round of 32,L,486,575
2026-M073-RSA-CAN,Canada,South Africa,Round of 32,W,314,390
2026-M074-GER-PAR,Germany,Paraguay,Round of 32,L,752,834
2026-M074-GER-PAR,Paraguay,Germany,Round of 32,W,166,264
2026-M075-NED-MAR,Netherlands,Morocco,Round of 32,L,307,395
2026-M075-NED-MAR,Morocco,Netherlands,Round of 32,W,813,891
2026-M076-BRA-JPN,Brazil,Japan,Round of 32,W,652,715
2026-M076-BRA-JPN,Japan,Brazil,Round of 32,L,279,330
2026-M077-FRA-SWE,France,Sweden,Round of 32,W,498,548
2026-M077-FRA-SWE,Sweden,France,Round of 32,L,296,365
2026-M078-CIV-NOR,Côte d'Ivoire,Norway,Round of 32,L,353,406
2026-M078-CIV-NOR,Norway,Côte d'Ivoire,Round of 32,W,442,492
2026-M079-MEX-ECU,Mexico,Ecuador,Round of 32,W,259,317
2026-M079-MEX-ECU,Ecuador,Mexico,Round of 32,L,353,420
2026-M080-ENG-COD,England,Congo DR,Round of 32,W,482,523
2026-M080-ENG-COD,Congo DR,England,Round of 32,L,326,392
2026-M081-USA-BIH,USA,Bosnia and Herzegovina,Round of 32,W,362,425
2026-M081-USA-BIH,Bosnia and Herzegovina,USA,Round of 32,L,381,459
2026-M082-BEL-SEN,Belgium,Senegal,Round of 32,W,607,695
2026-M082-BEL-SEN,Senegal,Belgium,Round of 32,L,555,638
2026-M083-POR-CRO,Portugal,Croatia,Round of 32,W,538,588
2026-M083-POR-CRO,Croatia,Portugal,Round of 32,L,330,386
2026-M084-ESP-AUT,Spain,Austria,Round of 32,W,589,643
2026-M084-ESP-AUT,Austria,Spain,Round of 32,L,291,360
2026-M085-SUI-ALG,Switzerland,Algeria,Round of 32,W,371,451
2026-M085-SUI-ALG,Algeria,Switzerland,Round of 32,L,491,571
2026-M086-ARG-CPV,Argentina,Cabo Verde,Round of 32,W,800,862
2026-M086-ARG-CPV,Cabo Verde,Argentina,Round of 32,L,425,491
2026-M087-COL-GHA,Colombia,Ghana,Round of 32,W,540,598
2026-M087-COL-GHA,Ghana,Colombia,Round of 32,L,329,390
2026-M088-AUS-EGY,Australia,Egypt,Round of 32,L,428,520
2026-M088-AUS-EGY,Egypt,Australia,Round of 32,W,638,729
2026-M089-PAR-FRA,Paraguay,France,Round of 16,L,108,191
2026-M089-PAR-FRA,France,Paraguay,Round of 16,W,526,587
2026-M090-CAN-MAR,Canada,Morocco,Round of 16,L,282,368
2026-M090-CAN-MAR,Morocco,Canada,Round of 16,W,420,499
2026-M091-BRA-NOR,Brazil,Norway,Round of 16,L,298,347
2026-M091-BRA-NOR,Norway,Brazil,Round of 16,W,627,683
2026-M092-MEX-ENG,Mexico,England,Round of 16,L,448,485
2026-M092-MEX-ENG,England,Mexico,Round of 16,W,204,254
2026-M093-POR-ESP,Portugal,Spain,Round of 16,L,378,459
2026-M093-POR-ESP,Spain,Portugal,Round of 16,W,490,548
2026-M094-USA-BEL,USA,Belgium,Round of 16,L,483,553
2026-M094-USA-BEL,Belgium,USA,Round of 16,W,340,423
2026-M095-ARG-EGY,Argentina,Egypt,Round of 16,W,558,618
2026-M095-ARG-EGY,Egypt,Argentina,Round of 16,L,316,382
2026-M096-SUI-COL,Switzerland,Colombia,Round of 16,W,561,641
2026-M096-SUI-COL,Colombia,Switzerland,Round of 16,L,462,562
2026-M097-FRA-MAR,France,Morocco,Quarter-final,W,450,497
2026-M097-FRA-MAR,Morocco,France,Quarter-final,L,469,539
2026-M098-ESP-BEL,Spain,Belgium,Quarter-final,W,625,693
2026-M098-ESP-BEL,Belgium,Spain,Quarter-final,L,254,320
2026-M099-NOR-ENG,Norway,England,Quarter-final,L,504,582
2026-M099-NOR-ENG,England,Norway,Quarter-final,W,593,653
2026-M100-ARG-SUI,Argentina,Switzerland,Quarter-final,W,629,716
2026-M100-ARG-SUI,Switzerland,Argentina,Quarter-final,L,404,476
2026-M101-FRA-ESP,France,Spain,Semi-final,L,417,496
2026-M101-FRA-ESP,Spain,France,Semi-final,W,439,517
2026-M102-ENG-ARG,England,Argentina,Semi-final,L,293,353
2026-M102-ENG-ARG,Argentina,England,Semi-final,W,549,610
2026-M103-FRA-ENG,France,England,Bronze final,L,412,453
2026-M103-FRA-ENG,England,France,Bronze final,W,479,535
2026-M104-ESP-ARG,Spain,Argentina,Final,W,789,878
2026-M104-ESP-ARG,Argentina,Spain,Final,L,375,476
