match_id,team,opponent,stage,Result_category,Passing_Accuracy
2026-M089-PAR-FRA,France,Paraguay,Round of 16,Winner,89.60817717206133
2026-M026-SUI-BIH,Switzerland,Bosnia and Herzegovina,Group Stage,Winner,88.35274542429285
2026-M080-ENG-COD,Congo DR,England,Round of 32,Loser,83.16326530612244
2026-M024-UZB-COL,Colombia,Uzbekistan,Group Stage,Winner,87.82771535580525
2026-M092-MEX-ENG,Mexico,England,Round of 16,Loser,92.37113402061856
2026-M101-FRA-ESP,Spain,France,Semi-final,Winner,84.91295938104449
2026-M103-FRA-ENG,France,England,Bronze final,Loser,90.94922737306842
2026-M038-ESP-KSA,Saudi Arabia,Spain,Group Stage,Loser,79.43444730077121
2026-M073-RSA-CAN,Canada,South Africa,Round of 32,Winner,80.51282051282051
2026-M044-JOR-ALG,Jordan,Algeria,Group Stage,Loser,74.44444444444444
2026-M012-SWE-TUN,Tunisia,Sweden,Group Stage,Loser,80.8108108108108
2026-M099-NOR-ENG,Norway,England,Quarter-final,Loser,86.5979381443299
2026-M087-COL-GHA,Ghana,Colombia,Round of 32,Loser,84.35897435897436
2026-M033-GER-CIV,Côte d'Ivoire,Germany,Group Stage,Loser,86.19153674832963
2026-M049-SCO-BRA,Scotland,Brazil,Group Stage,Loser,89.61538461538461
2026-M058-TUN-NED,Netherlands,Tunisia,Group Stage,Winner,92.66467065868264
2026-M021-GHA-PAN,Ghana,Panama,Group Stage,Winner,83.97790055248619
2026-M075-NED-MAR,Morocco,Netherlands,Round of 32,Winner,91.24579124579124
2026-M052-BIH-QAT,Qatar,Bosnia and Herzegovina,Group Stage,Loser,84.9015317286652
2026-M075-NED-MAR,Netherlands,Morocco,Round of 32,Loser,77.72151898734178
2026-M018-IRQ-NOR,Norway,Iraq,Group Stage,Winner,89.96350364963503
2026-M017-FRA-SEN,France,Senegal,Group Stage,Winner,88.35616438356165
2026-M026-SUI-BIH,Bosnia and Herzegovina,Switzerland,Group Stage,Loser,80.50139275766016
2026-M018-IRQ-NOR,Iraq,Norway,Group Stage,Loser,82.42074927953891
2026-M010-GER-CUW,Germany,Curaçao,Group Stage,Winner,88.76755070202809
2026-M006-AUS-TUR,Turkiye,Australia,Group Stage,Loser,91.82825484764544
2026-M056-ECU-GER,Ecuador,Germany,Group Stage,Winner,83.54755784061697
2026-M068-CRO-GHA,Croatia,Ghana,Group Stage,Winner,90.52044609665428
2026-M053-CZE-MEX,Czechia,Mexico,Group Stage,Loser,83.21513002364065
2026-M041-NOR-SEN,Senegal,Norway,Group Stage,Loser,88.69047619047619
2026-M032-USA-AUS,USA,Australia,Group Stage,Winner,87.57062146892656
2026-M042-FRA-IRQ,France,Iraq,Group Stage,Winner,91.55629139072848
2026-M095-ARG-EGY,Argentina,Egypt,Round of 16,Winner,90.29126213592234
2026-M076-BRA-JPN,Japan,Brazil,Round of 32,Loser,84.54545454545455
2026-M049-SCO-BRA,Brazil,Scotland,Group Stage,Winner,92.84552845528457
2026-M089-PAR-FRA,Paraguay,France,Round of 16,Loser,56.54450261780105
2026-M002-KOR-CZE,Korea Republic,Czechia,Group Stage,Winner,89.11439114391145
2026-M064-NZL-BEL,Belgium,New Zealand,Group Stage,Winner,89.62264150943396
2026-M088-AUS-EGY,Australia,Egypt,Round of 32,Loser,82.3076923076923
2026-M097-FRA-MAR,France,Morocco,Quarter-final,Winner,90.54325955734409
2026-M062-SEN-IRQ,Senegal,Iraq,Group Stage,Winner,89.40170940170941
2026-M078-CIV-NOR,Côte d'Ivoire,Norway,Round of 32,Loser,86.94581280788178
2026-M022-ENG-CRO,England,Croatia,Group Stage,Winner,87.34439834024896
2026-M093-POR-ESP,Portugal,Spain,Round of 16,Loser,82.35294117647058
2026-M088-AUS-EGY,Egypt,Australia,Round of 32,Winner,87.51714677640604
2026-M067-PAN-ENG,England,Panama,Group Stage,Winner,88.96797153024912
2026-M047-POR-GHA,Uzbekistan,Portugal,Group Stage,Loser,80.11527377521614
2026-M029-BRA-HAI,Brazil,Haiti,Group Stage,Winner,87.84029038112523
2026-M084-ESP-AUT,Spain,Austria,Round of 32,Winner,91.601866251944
2026-M020-AUT-JOR,Austria,Jordan,Group Stage,Winner,85.00851788756388
2026-M070-JOR-ARG,Argentina,Jordan,Group Stage,Winner,92.4757281553398
2026-M100-ARG-SUI,Switzerland,Argentina,Quarter-final,Loser,84.87394957983193
2026-M067-PAN-ENG,Panama,England,Group Stage,Loser,75.49019607843137
2026-M009-CIV-ECU,Ecuador,Côte d'Ivoire,Group Stage,Loser,85.38011695906432
2026-M048-COL-COD,Congo DR,Colombia,Group Stage,Loser,74.92063492063492
2026-M087-COL-GHA,Colombia,Ghana,Round of 32,Winner,90.3010033444816
2026-M005-HAI-SCO,Haiti,Scotland,Group Stage,Loser,87.70301624129931
2026-M022-ENG-CRO,Croatia,England,Group Stage,Loser,86.9281045751634
2026-M054-RSA-KOR,South Africa,Korea Republic,Group Stage,Winner,80.8695652173913
2026-M093-POR-ESP,Spain,Portugal,Round of 16,Winner,89.41605839416059
2026-M030-SCO-MAR,Scotland,Morocco,Group Stage,Loser,87.60869565217392
2026-M031-TUR-PAR,Paraguay,Turkiye,Group Stage,Winner,53.80116959064327
2026-M004-USA-PAR,USA,Paraguay,Group Stage,Winner,86.37873754152824
2026-M091-BRA-NOR,Norway,Brazil,Round of 16,Winner,91.800878477306
2026-M027-CAN-QAT,Canada,Qatar,Group Stage,Winner,93.04347826086956
2026-M048-COL-COD,Colombia,Congo DR,Group Stage,Winner,86.67883211678831
2026-M084-ESP-AUT,Austria,Spain,Round of 32,Loser,80.83333333333333
2026-M066-URU-ESP,Spain,Uruguay,Group Stage,Winner,89.48194662480377
2026-M009-CIV-ECU,Côte d'Ivoire,Ecuador,Group Stage,Winner,87.68577494692144
2026-M070-JOR-ARG,Jordan,Argentina,Group Stage,Loser,79.66666666666666
2026-M078-CIV-NOR,Norway,Côte d'Ivoire,Round of 32,Winner,89.83739837398373
2026-M001-MEX-RSA,Mexico,South Africa,Group Stage,Winner,90.49360146252286
2026-M083-POR-CRO,Croatia,Portugal,Round of 32,Loser,85.49222797927462
2026-M079-MEX-ECU,Ecuador,Mexico,Round of 32,Loser,84.04761904761905
2026-M047-POR-GHA,Portugal,Uzbekistan,Group Stage,Winner,90.29733959311424
2026-M033-GER-CIV,Germany,Côte d'Ivoire,Group Stage,Winner,91.16719242902208
2026-M081-USA-BIH,USA,Bosnia and Herzegovina,Round of 32,Winner,85.1764705882353
2026-M024-UZB-COL,Uzbekistan,Colombia,Group Stage,Loser,79.94011976047905
2026-M031-TUR-PAR,Turkiye,Paraguay,Group Stage,Loser,89.1891891891892
2026-M080-ENG-COD,England,Congo DR,Round of 32,Winner,92.16061185468452
