match_id,team,opponent,stage,Result_category,passes_completed,passes_attempted,Passing_Accuracy
2026-M001-MEX-RSA,Mexico,South Africa,Group Stage,Winner,495,547,90.49360146252286
2026-M001-MEX-RSA,South Africa,Mexico,Group Stage,Loser,290,351,82.62108262108262
2026-M002-KOR-CZE,Korea Republic,Czechia,Group Stage,Winner,483,542,89.11439114391145
2026-M002-KOR-CZE,Czechia,Korea Republic,Group Stage,Loser,241,327,73.70030581039755
2026-M004-USA-PAR,USA,Paraguay,Group Stage,Winner,520,602,86.37873754152824
2026-M004-USA-PAR,Paraguay,USA,Group Stage,Loser,234,316,74.0506329113924
2026-M005-HAI-SCO,Haiti,Scotland,Group Stage,Loser,378,431,87.70301624129931
2026-M005-HAI-SCO,Scotland,Haiti,Group Stage,Winner,324,397,81.61209068010076
2026-M006-AUS-TUR,Australia,Turkiye,Group Stage,Winner,224,293,76.45051194539249
2026-M006-AUS-TUR,Turkiye,Australia,Group Stage,Loser,663,722,91.82825484764543
2026-M009-CIV-ECU,Côte d'Ivoire,Ecuador,Group Stage,Winner,413,471,87.68577494692144
2026-M009-CIV-ECU,Ecuador,Côte d'Ivoire,Group Stage,Loser,438,513,85.38011695906432
2026-M010-GER-CUW,Germany,Curaçao,Group Stage,Winner,569,641,88.76755070202809
2026-M010-GER-CUW,Curaçao,Germany,Group Stage,Loser,291,362,80.38674033149171
2026-M012-SWE-TUN,Sweden,Tunisia,Group Stage,Winner,290,356,81.46067415730337
2026-M012-SWE-TUN,Tunisia,Sweden,Group Stage,Loser,299,370,80.8108108108108
2026-M017-FRA-SEN,France,Senegal,Group Stage,Winner,516,584,88.35616438356165
2026-M017-FRA-SEN,Senegal,France,Group Stage,Loser,453,521,86.9481765834933
2026-M018-IRQ-NOR,Iraq,Norway,Group Stage,Loser,286,347,82.42074927953891
2026-M018-IRQ-NOR,Norway,Iraq,Group Stage,Winner,493,548,89.96350364963503
2026-M019-ARG-ALG,Argentina,Algeria,Group Stage,Winner,517,578,89.44636678200692
2026-M019-ARG-ALG,Algeria,Argentina,Group Stage,Loser,578,634,91.16719242902208
2026-M020-AUT-JOR,Austria,Jordan,Group Stage,Winner,499,587,85.00851788756388
2026-M020-AUT-JOR,Jordan,Austria,Group Stage,Loser,254,344,73.83720930232558
2026-M021-GHA-PAN,Ghana,Panama,Group Stage,Winner,304,362,83.97790055248619
2026-M021-GHA-PAN,Panama,Ghana,Group Stage,Loser,526,597,88.107202680067
2026-M022-ENG-CRO,England,Croatia,Group Stage,Winner,421,482,87.34439834024896
2026-M022-ENG-CRO,Croatia,England,Group Stage,Loser,399,459,86.9281045751634
2026-M024-UZB-COL,Uzbekistan,Colombia,Group Stage,Loser,267,334,79.94011976047905
2026-M024-UZB-COL,Colombia,Uzbekistan,Group Stage,Winner,469,534,87.82771535580525
2026-M026-SUI-BIH,Switzerland,Bosnia and Herzegovina,Group Stage,Winner,531,601,88.35274542429285
2026-M026-SUI-BIH,Bosnia and Herzegovina,Switzerland,Group Stage,Loser,289,359,80.50139275766016
2026-M027-CAN-QAT,Canada,Qatar,Group Stage,Winner,535,575,93.04347826086956
2026-M027-CAN-QAT,Qatar,Canada,Group Stage,Loser,107,166,64.45783132530121
2026-M028-MEX-KOR,Mexico,Korea Republic,Group Stage,Winner,360,432,83.33333333333334
2026-M028-MEX-KOR,Korea Republic,Mexico,Group Stage,Loser,510,593,86.00337268128162
2026-M029-BRA-HAI,Brazil,Haiti,Group Stage,Winner,484,551,87.84029038112523
2026-M029-BRA-HAI,Haiti,Brazil,Group Stage,Loser,338,402,84.07960199004975
2026-M030-SCO-MAR,Scotland,Morocco,Group Stage,Loser,403,460,87.60869565217392
2026-M030-SCO-MAR,Morocco,Scotland,Group Stage,Winner,612,676,90.53254437869822
2026-M031-TUR-PAR,Turkiye,Paraguay,Group Stage,Loser,594,666,89.1891891891892
2026-M031-TUR-PAR,Paraguay,Turkiye,Group Stage,Winner,92,171,53.80116959064327
2026-M032-USA-AUS,USA,Australia,Group Stage,Winner,465,531,87.57062146892656
2026-M032-USA-AUS,Australia,USA,Group Stage,Loser,238,308,77.27272727272727
2026-M033-GER-CIV,Germany,Côte d'Ivoire,Group Stage,Winner,578,634,91.16719242902208
2026-M033-GER-CIV,Côte d'Ivoire,Germany,Group Stage,Loser,387,449,86.19153674832963
2026-M035-NED-SWE,Netherlands,Sweden,Group Stage,Winner,398,447,89.03803131991052
2026-M035-NED-SWE,Sweden,Netherlands,Group Stage,Loser,377,438,86.0730593607306
2026-M036-TUN-JPN,Tunisia,Japan,Group Stage,Loser,305,376,81.11702127659575
2026-M036-TUN-JPN,Japan,Tunisia,Group Stage,Winner,535,593,90.21922428330524
2026-M038-ESP-KSA,Spain,Saudi Arabia,Group Stage,Winner,688,743,92.59757738896366
2026-M038-ESP-KSA,Saudi Arabia,Spain,Group Stage,Loser,309,389,79.43444730077121
2026-M040-NZL-EGY,New Zealand,Egypt,Group Stage,Loser,355,437,81.23569794050344
2026-M040-NZL-EGY,Egypt,New Zealand,Group Stage,Winner,486,544,89.33823529411765
2026-M041-NOR-SEN,Norway,Senegal,Group Stage,Winner,295,361,81.7174515235457
2026-M041-NOR-SEN,Senegal,Norway,Group Stage,Loser,447,504,88.69047619047619
2026-M042-FRA-IRQ,France,Iraq,Group Stage,Winner,553,604,91.55629139072848
2026-M042-FRA-IRQ,Iraq,France,Group Stage,Loser,431,502,85.85657370517929
2026-M043-ARG-AUT,Argentina,Austria,Group Stage,Winner,509,564,90.24822695035462
2026-M043-ARG-AUT,Austria,Argentina,Group Stage,Loser,416,475,87.57894736842105
2026-M044-JOR-ALG,Jordan,Algeria,Group Stage,Loser,201,270,74.44444444444444
2026-M044-JOR-ALG,Algeria,Jordan,Group Stage,Winner,590,661,89.25869894099849
2026-M046-PAN-CRO,Panama,Croatia,Group Stage,Loser,282,356,79.21348314606742
2026-M046-PAN-CRO,Croatia,Panama,Group Stage,Winner,445,518,85.9073359073359
2026-M047-POR-GHA,Portugal,Uzbekistan,Group Stage,Winner,577,639,90.29733959311424
2026-M047-POR-GHA,Uzbekistan,Portugal,Group Stage,Loser,278,347,80.11527377521614
2026-M048-COL-COD,Colombia,Congo DR,Group Stage,Winner,475,548,86.67883211678831
2026-M048-COL-COD,Congo DR,Colombia,Group Stage,Loser,236,315,74.92063492063492
2026-M049-SCO-BRA,Scotland,Brazil,Group Stage,Loser,466,520,89.61538461538461
2026-M049-SCO-BRA,Brazil,Scotland,Group Stage,Winner,571,615,92.84552845528455
2026-M050-MAR-HAI,Morocco,Haiti,Group Stage,Winner,495,557,88.8689407540395
2026-M050-MAR-HAI,Haiti,Morocco,Group Stage,Loser,212,265,80.0
2026-M051-SUI-CAN,Switzerland,Canada,Group Stage,Winner,389,471,82.59023354564756
2026-M051-SUI-CAN,Canada,Switzerland,Group Stage,Loser,275,353,77.90368271954674
2026-M052-BIH-QAT,Bosnia and Herzegovina,Qatar,Group Stage,Winner,461,521,88.48368522072937
2026-M052-BIH-QAT,Qatar,Bosnia and Herzegovina,Group Stage,Loser,388,457,84.9015317286652
2026-M053-CZE-MEX,Czechia,Mexico,Group Stage,Loser,352,423,83.21513002364065
2026-M053-CZE-MEX,Mexico,Czechia,Group Stage,Winner,340,394,86.29441624365482
2026-M054-RSA-KOR,South Africa,Korea Republic,Group Stage,Winner,279,345,80.8695652173913
2026-M054-RSA-KOR,Korea Republic,South Africa,Group Stage,Loser,657,718,91.5041782729805
2026-M055-CUW-CIV,Curaçao,Côte d'Ivoire,Group Stage,Loser,312,369,84.5528455284553
2026-M055-CUW-CIV,Côte d'Ivoire,Curaçao,Group Stage,Winner,574,644,89.13043478260869
2026-M056-ECU-GER,Ecuador,Germany,Group Stage,Winner,325,389,83.54755784061697
2026-M056-ECU-GER,Germany,Ecuador,Group Stage,Loser,537,612,87.74509803921569
2026-M058-TUN-NED,Tunisia,Netherlands,Group Stage,Loser,208,265,78.49056603773586
2026-M058-TUN-NED,Netherlands,Tunisia,Group Stage,Winner,619,668,92.66467065868264
2026-M059-TUR-USA,Turkiye,USA,Group Stage,Winner,353,456,77.41228070175438
2026-M059-TUR-USA,USA,Turkiye,Group Stage,Loser,424,495,85.65656565656565
2026-M061-NOR-FRA,Norway,France,Group Stage,Loser,367,449,81.73719376391982
2026-M061-NOR-FRA,France,Norway,Group Stage,Winner,492,549,89.61748633879782
2026-M062-SEN-IRQ,Senegal,Iraq,Group Stage,Winner,523,585,89.40170940170941
2026-M062-SEN-IRQ,Iraq,Senegal,Group Stage,Loser,200,280,71.42857142857143
2026-M064-NZL-BEL,New Zealand,Belgium,Group Stage,Loser,379,450,84.22222222222221
2026-M064-NZL-BEL,Belgium,New Zealand,Group Stage,Winner,475,530,89.62264150943396
2026-M066-URU-ESP,Uruguay,Spain,Group Stage,Loser,241,305,79.01639344262294
2026-M066-URU-ESP,Spain,Uruguay,Group Stage,Winner,570,637,89.48194662480377
2026-M067-PAN-ENG,Panama,England,Group Stage,Loser,231,306,75.49019607843137
2026-M067-PAN-ENG,England,Panama,Group Stage,Winner,500,562,88.96797153024912
2026-M068-CRO-GHA,Croatia,Ghana,Group Stage,Winner,487,538,90.52044609665427
2026-M068-CRO-GHA,Ghana,Croatia,Group Stage,Loser,411,466,88.19742489270385
2026-M070-JOR-ARG,Jordan,Argentina,Group Stage,Loser,239,300,79.66666666666666
2026-M070-JOR-ARG,Argentina,Jordan,Group Stage,Winner,762,824,92.47572815533981
2026-M072-COD-UZB,Congo DR,Uzbekistan,Group Stage,Winner,419,495,84.64646464646465
2026-M072-COD-UZB,Uzbekistan,Congo DR,Group Stage,Loser,283,378,74.86772486772487
2026-M073-RSA-CAN,South Africa,Canada,Round of 32,Loser,486,575,84.52173913043478
2026-M073-RSA-CAN,Canada,South Africa,Round of 32,Winner,314,390,80.51282051282051
2026-M074-GER-PAR,Germany,Paraguay,Round of 32,Loser,752,834,90.16786570743405
2026-M074-GER-PAR,Paraguay,Germany,Round of 32,Winner,166,264,62.878787878787875
2026-M075-NED-MAR,Netherlands,Morocco,Round of 32,Loser,307,395,77.72151898734178
2026-M075-NED-MAR,Morocco,Netherlands,Round of 32,Winner,813,891,91.24579124579124
2026-M076-BRA-JPN,Brazil,Japan,Round of 32,Winner,652,715,91.18881118881119
2026-M076-BRA-JPN,Japan,Brazil,Round of 32,Loser,279,330,84.54545454545455
2026-M077-FRA-SWE,France,Sweden,Round of 32,Winner,498,548,90.87591240875912
2026-M077-FRA-SWE,Sweden,France,Round of 32,Loser,296,365,81.0958904109589
2026-M078-CIV-NOR,Côte d'Ivoire,Norway,Round of 32,Loser,353,406,86.94581280788178
2026-M078-CIV-NOR,Norway,Côte d'Ivoire,Round of 32,Winner,442,492,89.83739837398373
2026-M079-MEX-ECU,Mexico,Ecuador,Round of 32,Winner,259,317,81.70347003154575
2026-M079-MEX-ECU,Ecuador,Mexico,Round of 32,Loser,353,420,84.04761904761905
2026-M080-ENG-COD,England,Congo DR,Round of 32,Winner,482,523,92.16061185468452
2026-M080-ENG-COD,Congo DR,England,Round of 32,Loser,326,392,83.16326530612244
2026-M081-USA-BIH,USA,Bosnia and Herzegovina,Round of 32,Winner,362,425,85.1764705882353
2026-M081-USA-BIH,Bosnia and Herzegovina,USA,Round of 32,Loser,381,459,83.00653594771242
2026-M082-BEL-SEN,Belgium,Senegal,Round of 32,Winner,607,695,87.33812949640289
2026-M082-BEL-SEN,Senegal,Belgium,Round of 32,Loser,555,638,86.99059561128527
2026-M083-POR-CRO,Portugal,Croatia,Round of 32,Winner,538,588,91.49659863945578
2026-M083-POR-CRO,Croatia,Portugal,Round of 32,Loser,330,386,85.49222797927462
2026-M084-ESP-AUT,Spain,Austria,Round of 32,Winner,589,643,91.601866251944
2026-M084-ESP-AUT,Austria,Spain,Round of 32,Loser,291,360,80.83333333333333
2026-M085-SUI-ALG,Switzerland,Algeria,Round of 32,Winner,371,451,82.26164079822617
2026-M085-SUI-ALG,Algeria,Switzerland,Round of 32,Loser,491,571,85.98949211908932
2026-M086-ARG-CPV,Argentina,Cabo Verde,Round of 32,Winner,800,862,92.80742459396751
2026-M086-ARG-CPV,Cabo Verde,Argentina,Round of 32,Loser,425,491,86.55804480651732
2026-M087-COL-GHA,Colombia,Ghana,Round of 32,Winner,540,598,90.3010033444816
2026-M087-COL-GHA,Ghana,Colombia,Round of 32,Loser,329,390,84.35897435897436
2026-M088-AUS-EGY,Australia,Egypt,Round of 32,Loser,428,520,82.3076923076923
2026-M088-AUS-EGY,Egypt,Australia,Round of 32,Winner,638,729,87.51714677640604
2026-M089-PAR-FRA,Paraguay,France,Round of 16,Loser,108,191,56.54450261780105
2026-M089-PAR-FRA,France,Paraguay,Round of 16,Winner,526,587,89.60817717206133
2026-M090-CAN-MAR,Canada,Morocco,Round of 16,Loser,282,368,76.63043478260869
2026-M090-CAN-MAR,Morocco,Canada,Round of 16,Winner,420,499,84.16833667334669
2026-M091-BRA-NOR,Brazil,Norway,Round of 16,Loser,298,347,85.87896253602305
2026-M091-BRA-NOR,Norway,Brazil,Round of 16,Winner,627,683,91.800878477306
2026-M092-MEX-ENG,Mexico,England,Round of 16,Loser,448,485,92.37113402061856
2026-M092-MEX-ENG,England,Mexico,Round of 16,Winner,204,254,80.31496062992126
2026-M093-POR-ESP,Portugal,Spain,Round of 16,Loser,378,459,82.35294117647058
2026-M093-POR-ESP,Spain,Portugal,Round of 16,Winner,490,548,89.41605839416059
2026-M094-USA-BEL,USA,Belgium,Round of 16,Loser,483,553,87.34177215189874
2026-M094-USA-BEL,Belgium,USA,Round of 16,Winner,340,423,80.37825059101655
2026-M095-ARG-EGY,Argentina,Egypt,Round of 16,Winner,558,618,90.29126213592234
2026-M095-ARG-EGY,Egypt,Argentina,Round of 16,Loser,316,382,82.72251308900523
2026-M096-SUI-COL,Switzerland,Colombia,Round of 16,Winner,561,641,87.5195007800312
2026-M096-SUI-COL,Colombia,Switzerland,Round of 16,Loser,462,562,82.20640569395017
2026-M097-FRA-MAR,France,Morocco,Quarter-final,Winner,450,497,90.54325955734407
2026-M097-FRA-MAR,Morocco,France,Quarter-final,Loser,469,539,87.01298701298701
2026-M098-ESP-BEL,Spain,Belgium,Quarter-final,Winner,625,693,90.18759018759019
2026-M098-ESP-BEL,Belgium,Spain,Quarter-final,Loser,254,320,79.375
2026-M099-NOR-ENG,Norway,England,Quarter-final,Loser,504,582,86.5979381443299
2026-M099-NOR-ENG,England,Norway,Quarter-final,Winner,593,653,90.81163859111791
2026-M100-ARG-SUI,Argentina,Switzerland,Quarter-final,Winner,629,716,87.84916201117319
2026-M100-ARG-SUI,Switzerland,Argentina,Quarter-final,Loser,404,476,84.87394957983193
2026-M101-FRA-ESP,France,Spain,Semi-final,Loser,417,496,84.07258064516128
2026-M101-FRA-ESP,Spain,France,Semi-final,Winner,439,517,84.91295938104449
2026-M102-ENG-ARG,England,Argentina,Semi-final,Loser,293,353,83.0028328611898
2026-M102-ENG-ARG,Argentina,England,Semi-final,Winner,549,610,90.0
2026-M103-FRA-ENG,France,England,Bronze final,Loser,412,453,90.94922737306842
2026-M103-FRA-ENG,England,France,Bronze final,Winner,479,535,89.53271028037383
2026-M104-ESP-ARG,Spain,Argentina,Final,Winner,789,878,89.86332574031891
2026-M104-ESP-ARG,Argentina,Spain,Final,Loser,375,476,78.78151260504201
